First Name,Last Name,Account Email,Ad Recommendation
Abel,Maclead,amaclead@gmail.com,LS Shirt
Adelina,Nabours,adelina_nabours@gmail.com,LS Shirt
Adell,Lipkin,adell.lipkin@lipkin.com,SS Shirt
Ahmed,Angalich,ahmed.angalich@angalich.com,LS Shirt
Aja,Gehrett,aja_gehrett@hotmail.com,SS Shirt
Alaine,Bergesen,alaine_bergesen@cox.net,LS Shirt
Albina,Glick,albina@glick.com,Hoodie
Alease,Buemi,alease@buemi.com,LS Shirt
Alecia,Bubash,alecia@aol.com,LS Shirt
Alesia,Hixenbaugh,alesia_hixenbaugh@hixenbaugh.org,SS Shirt
Alex,Loader,alex@loader.com,LS Shirt
Alisha,Slusarski,alisha@slusarski.com,Zip up Jacket
Alishia,Sergi,asergi@gmail.com,Hoodie
Aliza,Baltimore,aliza@aol.com,Zip up Jacket
Allene,Iturbide,allene_iturbide@cox.net,LS Shirt
Alline,Jeanty,ajeanty@gmail.com,LS Shirt
Alpha,Palaia,alpha@yahoo.com,LS Shirt
Alyce,Arias,alyce@arias.org,LS Shirt
Amber,Monarrez,amber_monarrez@monarrez.org,Hoodie
Amie,Perigo,amie.perigo@yahoo.com,SS Shirt
Ammie,Corrio,ammie@corrio.com,SS Shirt
An,Fritz,an_fritz@hotmail.com,LS Shirt
Andra,Scheyer,andra@gmail.com,Crewneck Sweater
Angella,Cetta,angella.cetta@hotmail.com,LS Shirt
Annabelle,Boord,annabelle.boord@cox.net,SS Shirt
Annelle,Tagala,annelle@yahoo.com,LS Shirt
Annmarie,Castros,annmarie_castros@gmail.com,LS Shirt
Antione,Onofrio,aonofrio@onofrio.com,Hoodie
Arlene,Klusman,arlene_klusman@gmail.com,SS Shirt
Arlette,Honeywell,ahoneywell@honeywell.com,Hoodie
Arminda,Parvis,arminda@parvis.com,LS Shirt
Art,Venere,art@venere.org,LS Shirt
Arthur,Farrow,arthur.farrow@yahoo.com,SS Shirt
Ashlyn,Pinilla,apinilla@cox.net,Hoodie
Audra,Kohnert,audra@kohnert.com,SS Shirt
Audry,Yaw,audry.yaw@yaw.org,SS Shirt
Avery,Steier,avery@cox.net,SS Shirt
Barbra,Adkin,badkin@hotmail.com,Zip up Jacket
Barrett,Toyama,barrett.toyama@toyama.org,LS Shirt
Beatriz,Corrington,beatriz@yahoo.com,Hoodie
Beckie,Silvestrini,beckie.silvestrini@silvestrini.com,Hoodie
Becky,Mirafuentes,becky.mirafuentes@mirafuentes.com,Hoodie
Belen,Strassner,belen_strassner@aol.com,SS Shirt
Benedict,Sama,bsama@cox.net,Zip up Jacket
Benton,Skursky,benton.skursky@aol.com,Hoodie
Bernardine,Rodefer,bernardine_rodefer@yahoo.com,LS Shirt
Bernardo,Figeroa,bfigeroa@aol.com,LS Shirt
Bette,Nicka,bette_nicka@cox.net,SS Shirt
Billye,Miro,billye_miro@cox.net,LS Shirt
Blair,Malet,bmalet@yahoo.com,SS Shirt
Blondell,Pugh,bpugh@aol.com,Hoodie
Bobbye,Rhym,brhym@rhym.com,LS Shirt
Bok,Isaacs,bok.isaacs@aol.com,Hoodie
Brandon,Callaro,brandon_callaro@hotmail.com,Zip up Jacket
Brett,Mccullan,brett.mccullan@mccullan.com,LS Shirt
Britt,Galam,britt@galam.org,Zip up Jacket
Brittni,Gillaspie,bgillaspie@gillaspie.com,Crewneck Sweater
Brock,Bolognia,bbolognia@yahoo.com,LS Shirt
Buddy,Cloney,buddy.cloney@yahoo.com,LS Shirt
Bulah,Padilla,bulah_padilla@hotmail.com,Crewneck Sweater
Caitlin,Julia,caitlin.julia@julia.org,SS Shirt
Cammy,Albares,calbares@gmail.com,SS Shirt
Candida,Corbley,candida_corbley@hotmail.com,LS Shirt
Caprice,Suell,caprice@aol.com,Hoodie
Carey,Dopico,carey_dopico@dopico.org,LS Shirt
Carin,Deleo,cdeleo@deleo.com,LS Shirt
Carissa,Batman,carissa.batman@yahoo.com,Hoodie
Carlee,Boulter,carlee.boulter@hotmail.com,Crewneck Sweater
Carma,Vanheusen,carma@cox.net,LS Shirt
Carmela,Cookey,ccookey@cookey.org,SS Shirt
Carmelina,Lindall,carmelina_lindall@lindall.com,LS Shirt
Carmen,Sweigard,csweigard@sweigard.com,Hoodie
Casie,Good,casie.good@aol.com,LS Shirt
Cassi,Wildfong,cassi.wildfong@aol.com,Zip up Jacket
Catalina,Tillotson,catalina@hotmail.com,LS Shirt
Catarina,Gleich,catarina_gleich@hotmail.com,SS Shirt
Cathrine,Pontoriero,cathrine.pontoriero@pontoriero.com,SS Shirt
Cecil,Lapage,clapage@lapage.com,Zip up Jacket
Cecilia,Colaizzo,cecilia_colaizzo@colaizzo.com,Hoodie
Cecily,Hollack,cecily@hollack.org,SS Shirt
Celeste,Korando,ckorando@hotmail.com,Zip up Jacket
Ceola,Setter,ceola.setter@setter.org,Hoodie
Chanel,Caudy,chanel.caudy@caudy.org,LS Shirt
Chantell,Maynerich,chantell@yahoo.com,SS Shirt
Charlene,Hamilton,charlene.hamilton@hotmail.com,Hoodie
Chau,Kitzman,chau@gmail.com,Crewneck Sweater
Chauncey,Motley,chauncey_motley@aol.com,LS Shirt
Chaya,Malvin,chaya@malvin.com,LS Shirt
Cherry,Lietz,cherry@lietz.com,LS Shirt
Cheryl,Haroldson,cheryl@haroldson.org,Zip up Jacket
Christiane,Eschberger,christiane.eschberger@yahoo.com,SS Shirt
Ciara,Ventura,cventura@yahoo.com,Hoodie
Claribel,Varriano,claribel_varriano@cox.net,LS Shirt
Clay,Hoa,choa@hoa.org,LS Shirt
Clorinda,Heimann,clorinda.heimann@hotmail.com,Hoodie
Colette,Kardas,colette.kardas@yahoo.com,LS Shirt
Cordelia,Storment,cordelia_storment@aol.com,SS Shirt
Corinne,Loder,corinne@loder.org,LS Shirt
Cory,Gibes,cory.gibes@gmail.com,LS Shirt
Cristal,Samara,cristal@cox.net,Zip up Jacket
Cristy,Lother,cristy@lother.com,LS Shirt
Cyndy,Goldammer,cgoldammer@cox.net,Hoodie
Cyril,Daufeldt,cyril_daufeldt@daufeldt.com,Hoodie
Dalene,Riden,dalene.riden@aol.com,LS Shirt
Dalene,Schoeneck,dalene@schoeneck.org,SS Shirt
Danica,Bruschke,danica_bruschke@gmail.com,Crewneck Sweater
Daniel,Perruzza,dperruzza@perruzza.com,SS Shirt
Daniela,Comnick,dcomnick@cox.net,Hoodie
Daren,Weirather,dweirather@aol.com,Zip up Jacket
Daron,Dinos,daron_dinos@cox.net,LS Shirt
Dean,Ketelsen,dean_ketelsen@gmail.com,Hoodie
Deandrea,Hughey,deandrea@yahoo.com,LS Shirt
Deeanna,Juhas,deeanna_juhas@gmail.com,Hoodie
Delisa,Crupi,delisa.crupi@crupi.com,LS Shirt
Delmy,Ahle,delmy.ahle@hotmail.com,Hoodie
Denise,Patak,denise@patak.org,LS Shirt
Deonna,Kippley,deonna_kippley@hotmail.com,Hoodie
Derick,Dhamer,ddhamer@cox.net,Crewneck Sweater
Detra,Coyier,detra@aol.com,LS Shirt
Devora,Perez,devora_perez@perez.org,Zip up Jacket
Devorah,Chickering,devorah@hotmail.com,SS Shirt
Diane,Devreese,diane@cox.net,LS Shirt
Dick,Wenzinger,dick@yahoo.com,SS Shirt
Dierdre,Yum,dyum@yahoo.com,Zip up Jacket
Dominque,Dickerson,dominque.dickerson@dickerson.org,LS Shirt
Donette,Foller,donette.foller@cox.net,LS Shirt
Donte,Kines,dkines@hotmail.com,Hoodie
Dorothy,Chesterfield,dorothy@cox.net,SS Shirt
Dorthy,Hidvegi,dhidvegi@yahoo.com,Crewneck Sweater
Dottie,Hellickson,dottie@hellickson.org,Hoodie
Dulce,Labreche,dulce_labreche@yahoo.com,Hoodie
Dyan,Oldroyd,doldroyd@aol.com,Hoodie
Earleen,Mai,earleen_mai@cox.net,SS Shirt
Eden,Jayson,eden_jayson@yahoo.com,LS Shirt
Edna,Miceli,emiceli@miceli.org,Button Down Shirt
Eladia,Saulter,eladia@saulter.com,SS Shirt
Elke,Sengbusch,elke_sengbusch@yahoo.com,LS Shirt
Elli,Mclaird,emclaird@mclaird.com,LS Shirt
Elly,Morocco,elly_morocco@gmail.com,Hoodie
Elouise,Gwalthney,egwalthney@yahoo.com,LS Shirt
Elvera,Benimadho,elvera.benimadho@cox.net,SS Shirt
Elza,Lipke,elza@yahoo.com,Hoodie
Emerson,Bowley,emerson.bowley@bowley.org,Hoodie
Erick,Ferencz,erick.ferencz@aol.com,LS Shirt
Erick,Nievas,erick_nievas@aol.com,Zip up Jacket
Erinn,Canlas,erinn.canlas@canlas.com,LS Shirt
Ernest,Syrop,ernest@cox.net,Hoodie
Ernie,Stenseth,ernie_stenseth@aol.com,LS Shirt
Estrella,Samu,estrella@aol.com,Hoodie
Ettie,Hoopengardner,ettie.hoopengardner@hotmail.com,LS Shirt
Eun,Coody,eun@yahoo.com,SS Shirt
Evangelina,Radde,evangelina@aol.com,Hoodie
Ezekiel,Chui,ezekiel@chui.com,LS Shirt
Fabiola,Hauenstein,fabiola.hauenstein@hauenstein.org,LS Shirt
Fannie,Lungren,fannie.lungren@yahoo.com,Button Down Shirt
Fatima,Saylors,fsaylors@saylors.org,Crewneck Sweater
Fausto,Agramonte,fausto_agramonte@yahoo.com,Zip up Jacket
Felicidad,Poullion,fpoullion@poullion.com,SS Shirt
Felix,Hirpara,felix_hirpara@cox.net,Hoodie
Fernanda,Jillson,fjillson@aol.com,SS Shirt
Filiberto,Tawil,ftawil@hotmail.com,SS Shirt
Fletcher,Flosi,fletcher.flosi@yahoo.com,Crewneck Sweater
Flo,Bookamer,flo.bookamer@cox.net,LS Shirt
France,Buzick,france.buzick@yahoo.com,LS Shirt
Francine,Vocelka,francine_vocelka@vocelka.com,SS Shirt
Franklyn,Emard,femard@emard.com,Hoodie
Frederica,Blunk,frederica_blunk@gmail.com,Polo Shirt
Freeman,Gochal,freeman_gochal@aol.com,Hoodie
Gail,Kitty,gail@kitty.com,Crewneck Sweater
Gail,Similton,gail_similton@similton.com,LS Shirt
Galen,Cantres,galen@yahoo.com,Hoodie
Garry,Keetch,garry_keetch@hotmail.com,LS Shirt
Gary,Nunlee,gary_nunlee@nunlee.org,LS Shirt
Gayla,Schnitzler,gschnitzler@gmail.com,LS Shirt
Gearldine,Gellinger,gearldine_gellinger@gellinger.com,SS Shirt
Geoffrey,Acey,geoffrey@gmail.com,Hoodie
Georgene,Montezuma,gmontezuma@cox.net,LS Shirt
Gertude,Witten,gertude.witten@gmail.com,Hoodie
Gilma,Liukko,gilma_liukko@gmail.com,Hoodie
Gladys,Rim,gladys.rim@rim.org,Zip up Jacket
Glen,Bartolet,glen_bartolet@hotmail.com,Hoodie
Glendora,Sarbacher,gsarbacher@gmail.com,LS Shirt
Glenn,Berray,gberray@gmail.com,SS Shirt
Glenna,Slayton,glenna_slayton@cox.net,Zip up Jacket
Glory,Kulzer,gkulzer@kulzer.org,Zip up Jacket
Glory,Schieler,glory@yahoo.com,Hoodie
Golda,Kaniecki,golda_kaniecki@yahoo.com,LS Shirt
Goldie,Schirpke,goldie.schirpke@yahoo.com,Zip up Jacket
Gracia,Melnyk,gracia@melnyk.com,Hoodie
Graciela,Ruta,gruta@cox.net,Crewneck Sweater
Gregoria,Pawlowicz,gpawlowicz@yahoo.com,Polo Shirt
Gwenn,Suffield,gwenn_suffield@suffield.org,Hoodie
Harrison,Haufler,hhaufler@hotmail.com,Crewneck Sweater
Haydee,Denooyer,hdenooyer@denooyer.org,Hoodie
Heike,Berganza,heike@gmail.com,SS Shirt
Helaine,Halter,hhalter@yahoo.com,LS Shirt
Helene,Rodenberger,helene@aol.com,SS Shirt
Helga,Fredicks,helga_fredicks@yahoo.com,SS Shirt
Herman,Demesa,hdemesa@cox.net,Button Down Shirt
Hermila,Thyberg,hermila_thyberg@hotmail.com,Hoodie
Herminia,Nicolozakes,herminia@nicolozakes.org,SS Shirt
Hillary,Skulski,hillary.skulski@aol.com,Hoodie
Hoa,Sarao,hoa@sarao.org,SS Shirt
Howard,Paulas,hpaulas@gmail.com,Hoodie
Hubert,Walthall,hubert@walthall.org,SS Shirt
Ilene,Eroman,ilene.eroman@hotmail.com,Hoodie
Iluminada,Ohms,iluminada.ohms@yahoo.com,Zip up Jacket
Irma,Wolfgramm,irma.wolfgramm@hotmail.com,LS Shirt
Izetta,Dewar,idewar@dewar.com,Hoodie
Izetta,Funnell,izetta.funnell@hotmail.com,LS Shirt
Jaclyn,Bachman,jaclyn@aol.com,Zip up Jacket
Jacqueline,Rowling,jacqueline.rowling@yahoo.com,Crewneck Sweater
Jade,Farrar,jade.farrar@yahoo.com,LS Shirt
Jamal,Vanausdal,jamal@vanausdal.org,Hoodie
James,Butt,jbutt@gmail.com,Zip up Jacket
Janey,Gabisi,jgabisi@hotmail.com,LS Shirt
Jani,Biddy,jbiddy@yahoo.com,SS Shirt
Janine,Rhoden,jrhoden@yahoo.com,Hoodie
Jeanice,Claucherty,jeanice.claucherty@yahoo.com,LS Shirt
Jenelle,Regusters,jregusters@regusters.com,LS Shirt
Jennie,Drymon,jennie@cox.net,Hoodie
Jennifer,Fallick,jfallick@yahoo.com,LS Shirt
Jerry,Dallen,jerry.dallen@yahoo.com,Zip up Jacket
Jerry,Zurcher,jzurcher@zurcher.org,SS Shirt
Jess,Chaffins,jess.chaffins@chaffins.org,Crewneck Sweater
Jesusa,Shin,jshin@shin.com,SS Shirt
Jesusita,Flister,jesusita.flister@hotmail.com,Hoodie
Jettie,Mconnell,jmconnell@hotmail.com,Zip up Jacket
Jina,Briddick,jina_briddick@briddick.com,Hoodie
Joanna,Leinenbach,joanna_leinenbach@hotmail.com,SS Shirt
Joesph,Degonia,joesph_degonia@degonia.org,Zip up Jacket
Johnetta,Abdallah,johnetta_abdallah@aol.com,Hoodie
Johnna,Engelberg,jengelberg@engelberg.org,SS Shirt
Jolanda,Hanafan,jhanafan@gmail.com,SS Shirt
Jolene,Ostolaza,jolene@yahoo.com,LS Shirt
Joni,Breland,joni_breland@cox.net,Hoodie
Jose,Stockham,jose@yahoo.com,Zip up Jacket
Joseph,Cryer,joseph_cryer@cox.net,LS Shirt
Josephine,Darakjy,josephine_darakjy@darakjy.org,SS Shirt
Josphine,Villanueva,josphine_villanueva@villanueva.com,Hoodie
Jovita,Oles,joles@gmail.com,LS Shirt
Judy,Aquas,jaquas@aquas.com,Hoodie
Junita,Brideau,jbrideau@aol.com,Zip up Jacket
Junita,Stoltzman,junita@aol.com,Polo Shirt
Justine,Ferrario,jferrario@hotmail.com,Hoodie
Justine,Mugnolo,jmugnolo@yahoo.com,Hoodie
Jutta,Amyot,jamyot@hotmail.com,Polo Shirt
Kaitlyn,Ogg,kaitlyn.ogg@gmail.com,Hoodie
Kallie,Blackwood,kallie.blackwood@gmail.com,Hoodie
Kanisha,Waycott,kanisha_waycott@yahoo.com,SS Shirt
Karan,Karpin,karan_karpin@gmail.com,Hoodie
Karl,Klonowski,karl_klonowski@yahoo.com,LS Shirt
Kasandra,Semidey,kasandra_semidey@semidey.com,Zip up Jacket
Kate,Keneipp,kate_keneipp@yahoo.com,LS Shirt
Kati,Rulapaugh,kati.rulapaugh@hotmail.com,SS Shirt
Katina,Polidori,katina_polidori@aol.com,SS Shirt
Kattie,Vonasek,kattie@vonasek.org,Hoodie
Kayleigh,Lace,kayleigh.lace@yahoo.com,Hoodie
Keneth,Borgman,keneth@yahoo.com,Hoodie
Kenneth,Grenet,kenneth.grenet@grenet.org,Zip up Jacket
Kerry,Theodorov,kerry.theodorov@gmail.com,Hoodie
Kiley,Caldarera,kiley.caldarera@aol.com,LS Shirt
Kimberlie,Duenas,kimberlie_duenas@yahoo.com,LS Shirt
Kimbery,Madarang,kimbery_madarang@cox.net,SS Shirt
Kirk,Herritt,kirk.herritt@aol.com,SS Shirt
Kris,Marrier,kris@gmail.com,Crewneck Sweater
Krissy,Rauser,krauser@cox.net,LS Shirt
Kristeen,Turinetti,kristeen@gmail.com,SS Shirt
Kristel,Ehmann,kristel.ehmann@aol.com,SS Shirt
Kristofer,Bennick,kristofer.bennick@yahoo.com,LS Shirt
Lai,Gato,lai.gato@gato.org,Zip up Jacket
Lai,Harabedian,lai@gmail.com,LS Shirt
Larae,Gudroe,larae_gudroe@gmail.com,Button Down Shirt
Lashandra,Klang,lashandra@yahoo.com,SS Shirt
Lashaunda,Lizama,llizama@cox.net,Hoodie
Lashawnda,Stuer,lstuer@cox.net,Crewneck Sweater
Lashon,Vizarro,lashon@aol.com,LS Shirt
Laticia,Merced,lmerced@gmail.com,SS Shirt
Latrice,Tolfree,latrice.tolfree@hotmail.com,Crewneck Sweater
Lauran,Burnard,lburnard@burnard.com,SS Shirt
Laurel,Pagliuca,laurel@yahoo.com,LS Shirt
Laurel,Reitler,laurel_reitler@reitler.com,SS Shirt
Lavera,Perin,lperin@perin.org,Hoodie
Lavonda,Hengel,lavonda@cox.net,Crewneck Sweater
Lavonna,Wolny,lavonna.wolny@hotmail.com,Hoodie
Lawrence,Lorens,lawrence.lorens@hotmail.com,LS Shirt
Layla,Springe,layla.springe@cox.net,Hoodie
Leatha,Hagele,lhagele@cox.net,Hoodie
Lemuel,Latzke,lemuel.latzke@gmail.com,LS Shirt
Lenna,Newville,lnewville@newville.com,LS Shirt
Lenna,Paprocki,lpaprocki@hotmail.com,Hoodie
Leonida,Gobern,leonida@gobern.org,LS Shirt
Leonora,Mauson,leonora@yahoo.com,Zip up Jacket
Leota,Dilliard,leota@hotmail.com,LS Shirt
Leota,Ragel,leota.ragel@gmail.com,SS Shirt
Leslie,Threets,leslie@cox.net,Zip up Jacket
Lettie,Isenhower,lettie_isenhower@yahoo.com,SS Shirt
Levi,Munis,levi.munis@gmail.com,Hoodie
Lezlie,Craghead,lezlie.craghead@craghead.org,LS Shirt
Ligia,Reiber,lreiber@cox.net,LS Shirt
Lili,Paskin,lili.paskin@cox.net,Zip up Jacket
Lilli,Scriven,lilli@aol.com,SS Shirt
Lindsey,Dilello,lindsey.dilello@hotmail.com,LS Shirt
Linn,Paa,linn_paa@paa.com,LS Shirt
Lisha,Centini,lisha@centini.org,Zip up Jacket
Lizbeth,Kohl,lizbeth@yahoo.com,Hoodie
Lizette,Stem,lizette.stem@aol.com,Zip up Jacket
Lonna,Diestel,lonna_diestel@gmail.com,LS Shirt
Lonny,Weglarz,lonny_weglarz@gmail.com,Hoodie
Lorean,Martabano,lorean.martabano@hotmail.com,SS Shirt
Loren,Asar,loren.asar@aol.com,Hoodie
Loreta,Timenez,loreta.timenez@hotmail.com,LS Shirt
Lorrie,Nestle,lnestle@hotmail.com,LS Shirt
Lorrine,Worlds,lorrine.worlds@worlds.com,Hoodie
Louisa,Cronauer,louisa@cronauer.com,LS Shirt
Louvenia,Beech,louvenia.beech@beech.com,SS Shirt
Lucina,Lary,lucina_lary@cox.net,LS Shirt
Lucy,Treston,lucy@cox.net,Zip up Jacket
Luisa,Jurney,ljurney@hotmail.com,Hoodie
Lynelle,Auber,lynelle_auber@gmail.com,LS Shirt
Ma,Layous,mlayous@hotmail.com,SS Shirt
Maile,Linahan,mlinahan@yahoo.com,LS Shirt
Malcolm,Tromblay,malcolm_tromblay@cox.net,SS Shirt
Malinda,Hochard,malinda.hochard@yahoo.com,SS Shirt
Margart,Meisel,margart_meisel@yahoo.com,LS Shirt
Marge,Limmel,marge@gmail.com,LS Shirt
Marguerita,Hiatt,marguerita.hiatt@gmail.com,LS Shirt
Mari,Lueckenbach,mari_lueckenbach@yahoo.com,LS Shirt
Mariann,Bilden,mariann.bilden@aol.com,SS Shirt
Marjory,Mastella,mmastella@mastella.com,SS Shirt
Markus,Lukasik,markus@yahoo.com,Zip up Jacket
Marti,Maybury,marti.maybury@yahoo.com,Polo Shirt
Martina,Staback,martina_staback@staback.com,LS Shirt
Marvel,Raymo,mraymo@yahoo.com,SS Shirt
Maryann,Royster,mroyster@royster.com,LS Shirt
Matthew,Neither,mneither@yahoo.com,SS Shirt
Mattie,Poquette,mattie@aol.com,SS Shirt
Maurine,Yglesias,maurine_yglesias@yglesias.com,Hoodie
Meaghan,Garufi,meaghan@hotmail.com,LS Shirt
Melissa,Wiklund,melissa@cox.net,Zip up Jacket
Melodie,Knipp,mknipp@gmail.com,Zip up Jacket
Merilyn,Bayless,merilyn_bayless@cox.net,LS Shirt
Merissa,Tomblin,merissa.tomblin@gmail.com,Hoodie
Merlyn,Lawler,merlyn_lawler@hotmail.com,Crewneck Sweater
Micaela,Rhymes,micaela_rhymes@gmail.com,LS Shirt
Minna,Amigon,minna_amigon@yahoo.com,Hoodie
Mireya,Frerking,mireya.frerking@hotmail.com,Zip up Jacket
Mirta,Mallett,mirta_mallett@gmail.com,Hoodie
Mitsue,Scipione,mscipione@scipione.com,SS Shirt
Mitsue,Tollner,mitsue_tollner@yahoo.com,LS Shirt
Mitzie,Hudnall,mitzie_hudnall@yahoo.com,SS Shirt
Mollie,Mcdoniel,mollie_mcdoniel@yahoo.com,LS Shirt
Mona,Delasancha,mdelasancha@hotmail.com,SS Shirt
Moon,Parlato,moon@yahoo.com,SS Shirt
Mozell,Pelkowski,mpelkowski@pelkowski.org,Hoodie
My,Rantanen,my@hotmail.com,Zip up Jacket
Myra,Munns,mmunns@cox.net,SS Shirt
Nan,Koppinger,nan@koppinger.com,LS Shirt
Nana,Wrinkles,nana@aol.com,Hoodie
Natalie,Fern,natalie.fern@hotmail.com,SS Shirt
Nelida,Sawchuk,nelida@gmail.com,LS Shirt
Nichelle,Meteer,nichelle_meteer@meteer.com,Hoodie
Nickolas,Juvera,nickolas_juvera@cox.net,SS Shirt
Nicolette,Brossart,nicolette_brossart@brossart.com,Hoodie
Nieves,Gotter,nieves_gotter@gmail.com,Zip up Jacket
Noah,Kalafatis,noah.kalafatis@aol.com,LS Shirt
Nobuko,Halsey,nobuko.halsey@yahoo.com,Zip up Jacket
Norah,Waymire,norah.waymire@gmail.com,LS Shirt
Novella,Degroot,novella_degroot@degroot.org,Zip up Jacket
Nu,Mcnease,nu@gmail.com,LS Shirt
Olive,Matuszak,olive@aol.com,Crewneck Sweater
Oretha,Menter,oretha_menter@yahoo.com,SS Shirt
Ozell,Shealy,oshealy@hotmail.com,Hoodie
Pamella,Fortino,pamella@fortino.com,Crewneck Sweater
Pamella,Schmierer,pamella.schmierer@schmierer.org,LS Shirt
Paris,Wide,paris@hotmail.com,Hoodie
Paz,Sahagun,paz_sahagun@cox.net,LS Shirt
Peggie,Sturiale,peggie@cox.net,Hoodie
Penney,Weight,penney_weight@aol.com,Zip up Jacket
Pete,Dubaldi,pdubaldi@hotmail.com,Hoodie
Portia,Stimmel,portia.stimmel@aol.com,Zip up Jacket
Quentin,Birkner,qbirkner@aol.com,SS Shirt
Quentin,Swayze,quentin_swayze@yahoo.com,Hoodie
Raina,Brachle,raina.brachle@brachle.org,SS Shirt
Rasheeda,Sayaphon,rasheeda@aol.com,Button Down Shirt
Raul,Upthegrove,rupthegrove@yahoo.com,LS Shirt
Raylene,Kampa,rkampa@kampa.org,LS Shirt
Raymon,Calvaresi,raymon.calvaresi@gmail.com,SS Shirt
Rebecka,Gesick,rgesick@gesick.org,Hoodie
Reena,Maisto,reena@hotmail.com,Hoodie
Refugia,Jacobos,refugia.jacobos@jacobos.com,Crewneck Sweater
Regenia,Kannady,regenia.kannady@cox.net,LS Shirt
Reita,Leto,reita.leto@gmail.com,SS Shirt
Renea,Monterrubio,renea@hotmail.com,SS Shirt
Ressie,Auffrey,ressie.auffrey@yahoo.com,Button Down Shirt
Rhea,Aredondo,rhea_aredondo@cox.net,LS Shirt
Rickie,Plumer,rickie.plumer@aol.com,LS Shirt
Rikki,Nayar,rikki@nayar.com,SS Shirt
Rima,Bevelacqua,rima@cox.net,LS Shirt
Rodolfo,Butzen,rodolfo@hotmail.com,Zip up Jacket
Rolande,Spickerman,rolande.spickerman@spickerman.com,SS Shirt
Rolland,Francescon,rolland@cox.net,Zip up Jacket
Ronny,Caiafa,ronny.caiafa@caiafa.org,Hoodie
Roosevelt,Hoffis,roosevelt.hoffis@aol.com,SS Shirt
Rory,Papasergi,rpapasergi@cox.net,LS Shirt
Roselle,Estell,roselle.estell@hotmail.com,Zip up Jacket
Rosio,Cork,rosio.cork@gmail.com,LS Shirt
Roslyn,Chavous,roslyn.chavous@chavous.org,SS Shirt
Roxane,Campain,roxane@hotmail.com,LS Shirt
Rozella,Ostrosky,rozella.ostrosky@ostrosky.com,SS Shirt
Ruthann,Keener,ruthann@hotmail.com,Hoodie
Ryan,Harnos,ryan@cox.net,LS Shirt
Sabra,Uyetake,sabra@uyetake.org,Zip up Jacket
Sage,Wieser,sage_wieser@cox.net,LS Shirt
Salena,Karpel,skarpel@cox.net,SS Shirt
Salome,Lacovara,slacovara@gmail.com,Hoodie
Samira,Heintzman,sheintzman@hotmail.com,Hoodie
Sarah,Candlish,sarah.candlish@gmail.com,Zip up Jacket
Scarlet,Cartan,scarlet.cartan@yahoo.com,SS Shirt
Selma,Husser,selma.husser@cox.net,SS Shirt
Serina,Zagen,szagen@aol.com,LS Shirt
Shalon,Shadrick,shalon@cox.net,SS Shirt
Sharee,Maile,sharee_maile@aol.com,LS Shirt
Sharen,Bourbon,sbourbon@yahoo.com,Hoodie
Sharika,Eanes,sharika.eanes@aol.com,SS Shirt
Shawna,Palaspas,shawna_palaspas@palaspas.org,Hoodie
Shawnda,Yori,shawnda.yori@yahoo.com,SS Shirt
Shenika,Seewald,shenika@gmail.com,LS Shirt
Sheridan,Zane,sheridan.zane@zane.com,LS Shirt
Sherita,Saras,sherita.saras@cox.net,Zip up Jacket
Sheron,Louissant,sheron@aol.com,SS Shirt
Shonda,Greenbush,shonda_greenbush@cox.net,Hoodie
Simona,Morasca,simona@morasca.com,Crewneck Sweater
Skye,Fillingim,skye_fillingim@yahoo.com,SS Shirt
Solange,Shinko,solange@shinko.com,SS Shirt
Staci,Schmaltz,staci_schmaltz@aol.com,Hoodie
Stephaine,Barfield,stephaine@barfield.com,LS Shirt
Stephaine,Vinning,stephaine@cox.net,Hoodie
Stephane,Myricks,stephane_myricks@cox.net,Hoodie
Stephen,Emigh,stephen_emigh@hotmail.com,SS Shirt
Stevie,Westerbeck,stevie.westerbeck@yahoo.com,Crewneck Sweater
Sue,Kownacki,sue@aol.com,LS Shirt
Sylvia,Cousey,sylvia_cousey@cousey.org,LS Shirt
Sylvie,Ryser,sylvie@aol.com,Polo Shirt
Talia,Riopelle,talia_riopelle@aol.com,Crewneck Sweater
Tamar,Hoogland,tamar@hotmail.com,SS Shirt
Tammara,Wardrip,twardrip@cox.net,LS Shirt
Tarra,Nachor,tarra.nachor@cox.net,Hoodie
Taryn,Moyd,taryn.moyd@hotmail.com,SS Shirt
Tasia,Andreason,tasia_andreason@yahoo.com,Crewneck Sweater
Tawna,Buvens,tawna@gmail.com,SS Shirt
Teddy,Pedrozo,teddy_pedrozo@aol.com,Hoodie
Tegan,Arceo,tegan.arceo@arceo.org,LS Shirt
Teri,Ennaco,tennaco@gmail.com,SS Shirt
Terrilyn,Rodeigues,terrilyn.rodeigues@cox.net,SS Shirt
Thaddeus,Ankeny,tankeny@ankeny.org,Hoodie
Theodora,Restrepo,theodora.restrepo@restrepo.com,SS Shirt
Theola,Frey,theola_frey@frey.com,SS Shirt
Thurman,Manno,thurman.manno@yahoo.com,SS Shirt
Tiera,Frankel,tfrankel@aol.com,SS Shirt
Tiffiny,Steffensmeier,tiffiny_steffensmeier@cox.net,Polo Shirt
Timothy,Mulqueen,timothy_mulqueen@mulqueen.org,SS Shirt
Tonette,Wenner,twenner@aol.com,SS Shirt
Tracey,Modzelewski,tracey@hotmail.com,Hoodie
Tresa,Sweely,tresa_sweely@hotmail.com,LS Shirt
Trinidad,Mcrae,trinidad_mcrae@yahoo.com,LS Shirt
Truman,Feichtner,tfeichtner@yahoo.com,Zip up Jacket
Twana,Felger,twana.felger@felger.org,SS Shirt
Ty,Smith,tsmith@aol.com,SS Shirt
Tyra,Shields,tshields@gmail.com,SS Shirt
Valentin,Klimek,vklimek@klimek.org,Zip up Jacket
Valentine,Gillian,valentine_gillian@gmail.com,SS Shirt
Vallie,Mondella,vmondella@mondella.com,Hoodie
Van,Shire,van.shire@shire.com,Hoodie
Venita,Maillard,venita_maillard@gmail.com,Zip up Jacket
Veronika,Inouye,vinouye@aol.com,Hoodie
Vi,Rentfro,vrentfro@cox.net,SS Shirt
Vilma,Berlanga,vberlanga@berlanga.com,Zip up Jacket
Vincent,Meinerding,vincent.meinerding@hotmail.com,LS Shirt
Vincenza,Zepp,vzepp@gmail.com,Hoodie
Viola,Bitsuie,viola@gmail.com,Zip up Jacket
Virgie,Kiel,vkiel@hotmail.com,Hoodie
Virgina,Tegarden,virgina_tegarden@tegarden.com,SS Shirt
Viva,Toelkes,viva.toelkes@gmail.com,Polo Shirt
Weldon,Acuff,wacuff@gmail.com,Hoodie
Whitley,Tomasulo,whitley.tomasulo@aol.com,LS Shirt
Wilda,Giguere,wilda@cox.net,Zip up Jacket
Willard,Kolmetz,willard@hotmail.com,Hoodie
Willodean,Konopacki,willodean_konopacki@konopacki.org,Hoodie
Willow,Kusko,wkusko@yahoo.com,Polo Shirt
Winfred,Brucato,winfred_brucato@hotmail.com,LS Shirt
Wynell,Dorshorst,wynell_dorshorst@dorshorst.org,SS Shirt
Xochitl,Discipio,xdiscipio@gmail.com,SS Shirt
Xuan,Rochin,xuan@gmail.com,LS Shirt
Yoko,Fishburne,yoko@fishburne.com,LS Shirt
Yolando,Luczki,yolando@cox.net,Zip up Jacket
Youlanda,Schemmer,youlanda@aol.com,SS Shirt
Yuki,Whobrey,yuki_whobrey@aol.com,Hoodie
Yvonne,Tjepkema,yvonne.tjepkema@hotmail.com,SS Shirt
Zona,Colla,zona@hotmail.com,Hoodie
